timestamp,problem_id,problem_type,model_name,model_group,prompt,response,response_length
2026-01-27T11:24:44.243783,C0001,mmlu_astronomy,llama3.1:8b-instruct,RLHF,"Solve this problem step by step. Show your reasoning clearly before giving the final answer.

Problem: Why are the season's in Mars' southern hemisphere so extreme?

Options:
A. because Mars is farther from the sun than the Earth
B. because Mars has more carbon dioxide in its atmosphere than the Earth
C. because Mars has a more eccentric orbit than the Earth
D. because Mars' axis is more tilted than the Earth's

Let's think step by step.",ERROR: Failed after all retries,31
