timestamp,problem_id,problem_type,model_name,model_group,prompt,response,response_length,response_time_seconds
2026-02-18T11:22:48.441030,C0001,mmlu_astronomy,qwen3.5:cloud,RLHF,"Why are the season's in Mars' southern hemisphere so extreme?

Options:
A. because Mars is farther from the sun than the Earth
B. because Mars has more carbon dioxide in its atmosphere than the Earth
C. because Mars has a more eccentric orbit than the Earth
D. because Mars' axis is more tilted than the Earth's

Please think through this problem step by step and provide your final answer with notation ""FINAL ANSWER: <your answer here>"".
Let's think step by step:","Thinking...
The user wants to know why the seasons in Mars' southern hemisphere are so extreme compared to the northern hemisphere.

1.  **Analyze the question:** The key phrase is ""season's in Mars' southern hemisphere so extreme"". This implies a difference between the southern and northern hemispheres, or at least a specific reason why the southern seasons (winter/summer) are more intense than what might be expected or compared to the north.

2.  **Evaluate Option A:** ""because Mars is farther from the sun than the Earth"".
    *   This explains why Mars is generally colder than Earth, but it doesn't explain the difference between hemispheres on Mars or the extremity of seasons within Mars itself relative to its own orbit. Both hemispheres are on the same planet at the same average distance.

3.  **Evaluate Option B:** ""because Mars has more carbon dioxide in its atmosphere than the Earth"".
    *   This relates to the greenhouse effect and atmospheric composition. While true, it doesn't explain the seasonal asymmetry between hemispheres.

4.  **Evaluate Option C:** ""because Mars has a more eccentric orbit than the Earth"".
    *   Mars has a significantly higher orbital eccentricity ($e \approx 0.093$) compared to Earth ($e \approx 0.017$).
    *   This means the distance between Mars and the Sun varies considerably throughout the Martian year.
    *   Perihelion (closest approach) occurs during the southern hemisphere's summer and northern hemisphere's winter.
    *   Aphelion (farthest distance) occurs during the southern hemisphere's winter and northern hemisphere's summer.
    *   Consequently, southern summers are shorter but hotter (closer to Sun), and southern winters are longer and colder (farther from Sun). This creates a strong asymmetry and ""extreme"" nature to the southern seasons compared to the north.
    *   This seems like the correct physical mechanism.

5.  **Evaluate Option D:** ""because Mars' axis is more tilted than the Earth's"".
    *   Mars' axial tilt (obliquity) is approximately 25.2 degrees.
    *   Earth's axial tilt is approximately 23.5 degrees.
    *   While Mars is tilted slightly more, the difference is not large enough to cause the *hemispheric asymmetry* described. The tilt causes seasons generally, but the *difference* between southern and northern seasons is driven by the orbital eccentricity combined with the timing of perihelion/aphelion relative to the solstices. If the orbit were circular, the seasons would be symmetric between hemispheres regardless of the tilt (assuming tilt is constant). The extremity of the *southern* seasons specifically is due to the distance variation.

6.  **Synthesize:**
    *   The question asks about the extremity of seasons in the *southern hemisphere*.
    *   On Mars, perihelion coincides with southern summer. Aphelion coincides with southern winter.
    *   This is due to the high eccentricity of Mars' orbit.
    *   Earth's orbit is nearly circular, so distance doesn't play a huge role in seasonal intensity differences between hemispheres (tilt is the main driver there).
    *   Therefore, the eccentricity is the differentiating factor causing the southern hemisphere seasons to be more extreme (hotter summers, colder winters) than the northern ones.

7.  **Conclusion:** Option C is the correct answer.

    *   Step 1: Identify the cause of seasons (axial tilt).
    *   Step 2: Identify the cause of seasonal *asymmetry* or *extremity* between hemispheres (orbital eccentricity).
    *   Step 3: Compare Mars' eccentricity to Earth's. Mars is much more eccentric.
    *   Step 4: Link eccentricity to the specific timing of perihelion/aphelion relative to the southern hemisphere's seasons.
    *   Step 5: Select Option C.

    Let's double check.
    Does tilt matter? Yes, for seasons to exist. But the question asks why they are *extreme* (implying a comparison, usually to the north or to Earth's regularity). The specific extremity of the *southern* hemisphere vs the northern is due to eccentricity.
    If the question meant ""Why are seasons extreme in general?"", tilt would be a factor, but Mars' tilt is similar to Earth's. The standout feature of Martian seasons is the hemispheric dichotomy caused by eccentricity.
    Southern Summer: Hot and short (Perihelion).
    Southern Winter: Cold and long (Aphelion).
    Northern Summer: Cool and long (Aphelion).
    Northern Winter: Mild and short (Perihelion).
    Thus, the southern hemisphere experiences more extreme temperature variations.
    Cause: Eccentric orbit.

    Final check of options:
    A: Distance from Sun (average) -> General temperature, not seasonal variance.
    B: CO2 -> Atmosphere, not orbital mechanics of seasons.
    C: Eccentric orbit -> Varies distance during year, creating asymmetry. Correct.
    D: Axis tilt -> Creates seasons, but Mars' tilt is similar to Earth's, doesn't explain southern vs northern difference.

    Therefore, C is the best answer.

    Wait, I should ensure the prompt implies the comparison between hemispheres. ""Why are the season's in Mars' southern hemisphere so extreme?"" usually implies ""compared to the northern hemisphere"" or ""compared to Earth"".
    If compared to Earth: Earth's eccentricity is low, so distance doesn't affect seasons much. Mars' eccentricity is high, so distance affects seasons much. Since perihelion aligns with southern summer, the south gets the brunt of the distance effect.
    So, C is definitely the intended answer in planetary science contexts.

    Structure the response:
    1. Explain what causes seasons generally (tilt).
    2. Explain what causes the difference in intensity between hemispheres (eccentricity).
    3. Detail Mars' specific orbital configuration (perihelion during southern summer).
    4. Rule out other options.
    5. Provide final answer.

    Wait, looking at Option D again. ""because Mars' axis is more tilted than the Earth's"".
    Mars tilt: ~25 degrees. Earth: ~23.5 degrees.
    Is 1.5 degrees enough to make them ""so extreme""? No. The eccentricity effect is the dominant factor for the hemispheric asymmetry.
    Also, if D were the answer, it would explain why seasons exist, but not why the *southern* ones are specifically extreme compared to the northern ones (since tilt affects both hemispheres equally in terms of angle of incidence, just offset by 6 months). The eccentricity affects the *intensity* of the sunlight received based on distance, which differs for the two hemispheres because of the timing.

    So, C is the robust answer.

    Steps for the output:
    1. Acknowledge the cause of seasons (tilt).
    2. Highlight the difference between Mars and Earth regarding orbital shape (eccentricity).
    3. Explain the alignment of perihelion/aphelion with the southern hemisphere's seasons.
    4. Conclude that this leads to more extreme seasonal variations in the south.
    5. Select Option C.
...done thinking.

To understand why the seasons in Mars' southern hemisphere are so extreme, we need to look at the orbital mechanics of the planet.

1.  **Axial Tilt (Obliquity):** Like Earth, Mars has seasons because its axis is tilted relative to its orbital plane. Mars' tilt is approximately 25.2 degrees, which is very similar to Earth's 23.5 degrees. While this tilt causes seasons to exist, the slight difference in tilt angle does not account for the significant difference in intensity between the southern and northern hemispheres on Mars. Therefore, Option D is not the primary reason for the *extremity* specific to the southern hemisphere.

2.  **Orbital Eccentricity:** This is the measure of how much an orbit deviates from a perfect circle. Earth's orbit is nearly circular (low eccentricity), so the distance from the Sun does not vary enough to significantly alter the seasons. However, Mars has a much **more eccentric orbit** (Option C). This means its distance from the Sun varies considerably throughout the Martian year.

3.  **Alignment of Orbit and Seasons:** On Mars, the point in the orbit where the planet is closest to the Sun (perihelion) occurs during the **southern hemisphere's summer**. Conversely, the point where Mars is farthest from the Sun (aphelion) occurs during the **southern hemisphere's winter**.

4.  **The Result:** Because the southern summer happens when Mars is closest to the Sun, it receives significantly more solar energy, making it hotter and shorter. The southern winter happens when Mars is farthest away, making it colder and longer. This combination creates much more extreme seasonal variations in the southern hemisphere compared to the northern hemisphere (where summer is at aphelion and winter is at perihelion).

5.  **Other Options:**
    *   Option A explains why Mars is colder overall than Earth, not why its southern seasons are extreme.
    *   Option B relates to atmospheric composition and the greenhouse effect, not the orbital mechanics driving seasonal intensity.

Therefore, the high eccentricity of Mars' orbit, combined with the timing of perihelion and aphelion, is the cause.

FINAL ANSWER: C",9111,23.89
2026-02-18T11:23:42.589429,C0002,mmlu_formal_logic,qwen3.5:cloud,RLHF," Construct a complete truth table for the following argument. Then, using the truth table, determine whether the argument is valid or invalid. If the argument is invalid, choose an option which presents a counterexample. (There may be other counterexamples as well.)
M ∨ N
~M · O / N

Options:
A. Valid
B. Invalid. Counterexample when M and O are true and N is false
C. Invalid. Counterexample when M is true and O and N are false
D. Invalid. Counterexample when O is true and M and N are false

Please think through this problem step by step and provide your final answer with notation ""FINAL ANSWER: <your answer here>"".
Let's think step by step:","Thinking...
The user wants me to construct a truth table for a specific logical argument and determine its validity.
If it's invalid, I need to identify a counterexample from the given options.

**Argument:**
Premise 1: $M \lor N$
Premise 2: $\sim M \cdot O$
Conclusion: $N$

**Steps:**
1.  **Identify the atomic propositions:** M, N, O.
2.  **Determine the number of rows:** Since there are 3 variables, there will be $2^3 = 8$ rows.
3.  **Construct the truth table:**
    *   Columns: M, N, O, $M \lor N$, $\sim M$, $\sim M \cdot O$, Conclusion $N$.
    *   Rows: All combinations of T/F for M, N, O.
4.  **Evaluate validity:**
    *   An argument is valid if and only if there is no row where all premises are True and the conclusion is False.
    *   If there is such a row, the argument is invalid, and that row represents a counterexample.
5.  **Check the options:**
    *   A. Valid
    *   B. Invalid. Counterexample when M and O are true and N is false.
    *   C. Invalid. Counterexample when M is true and O and N are false.
    *   D. Invalid. Counterexample when O is true and M and N are false.

**Step-by-Step Construction:**

Variables: M, N, O

| Row | M | N | O | Premise 1: $M \lor N$ | $\sim M$ | Premise 2: $\sim M \cdot O$ | Conclusion: $N$ |
|:---:|:-:|:-:|:-:|:---------------------:|:--------:|:---------------------------:|:---------------:|
| 1 | T | T | T | T | F | F | T |
| 2 | T | T | F | T | F | F | T |
| 3 | T | F | T | T | F | F | F |
| 4 | T | F | F | T | F | F | F |
| 5 | F | T | T | T | T | T | T |
| 6 | F | T | F | T | T | F | T |
| 7 | F | F | T | F | T | T | F |
| 8 | F | F | F | F | T | F | F |

**Analysis of Validity:**
I need to look for rows where **both** premises are True.
*   Premise 1 ($M \lor N$) is True in rows 1, 2, 3, 4, 5, 6.
*   Premise 2 ($\sim M \cdot O$) is True in rows 5, 7.

Intersection (Rows where both premises are True):
*   Row 5: M=F, N=T, O=T.
    *   P1: $F \lor T = T$
    *   P2: $\sim F \cdot T = T \cdot T = T$
    *   Conclusion: $N = T$
    *   Here, Premises are T, T and Conclusion is T. This supports validity.

*   Row 7: M=F, N=F, O=T.
    *   P1: $F \lor F = F$
    *   P2: $\sim F \cdot T = T \cdot T = T$
    *   Wait, let me re-evaluate Row 7.
    *   M=F, N=F, O=T.
    *   P1 ($M \lor N$): $F \lor F = \text{False}$.
    *   P2 ($\sim M \cdot O$): $\text{True} \cdot \text{True} = \text{True}$.
    *   Since P1 is False, this is not a critical row for validity (we need all premises True).

Let's re-check the intersection.
Rows where P2 is True: 5 and 7.
In Row 5: P1 is True ($F \lor T$). Conclusion is True ($T$).
In Row 7: P1 is False ($F \lor F$).

So, the only row where **both** premises are True is Row 5.
In Row 5, the Conclusion ($N$) is True.

Since there is no row where all premises are True and the conclusion is False, the argument is **Valid**.

Let me double check my logic.
Argument:
1. $M \lor N$
2. $\sim M \land O$
Therefore, $N$.

Proof:
From 2, we know $\sim M$ is True (so M is False) and O is True.
From 1, since $M \lor N$ is True and M is False (from 2), by Disjunctive Syllogism, N must be True.
Therefore, the conclusion N follows necessarily from the premises.
The argument is Valid.

Let's check the options again.
A. Valid
B. Invalid...
C. Invalid...
D. Invalid...

Since the argument is valid, Option A is the correct choice.

Let's re-read the options to ensure I haven't missed a nuance.
""Counterexample when M and O are true and N is false"" -> Row 3.
P1: $T \lor F = T$.
P2: $\sim T \cdot T = F \cdot T = F$.
Premises are not both true. Not a counterexample.

""Counterexample when M is true and O and N are false"" -> Row 4.
P1: $T \lor F = T$.
P2: $\sim T \cdot F = F \cdot F = F$.
Premises not both true.

""Counterexample when O is true and M and N are false"" -> Row 7.
P1: $F \lor F = F$.
P2: $\sim F \cdot T = T \cdot T = T$.
Premises not both true.

So, there are no counterexamples. The argument is valid.

Wait, let me look closer at the prompt's provided options. Sometimes these questions are tricky.
Is it possible I misread the symbols?
$M \lor N$ (M or N)
$\sim M \cdot O$ (Not M and O)
$/ N$ (Therefore N)

Logic check:
Assume Premises are True.
$\sim M \cdot O$ is True $\rightarrow$ $\sim M$ is True AND $O$ is True.
$\sim M$ is True $\rightarrow$ $M$ is False.
$M \lor N$ is True. Since $M$ is False, $N$ must be True.
Conclusion is $N$. Since $N$ is True, the conclusion is True.
There is no scenario where Premises are True and Conclusion is False.
Argument is Valid.

Why would there be options for Invalid? Standard multiple choice format.
Let's verify Row 7 again.
M=F, N=F, O=T.
P1: $M \lor N \rightarrow F \lor F \rightarrow F$.
P2: $\sim M \cdot O \rightarrow T \cdot T \rightarrow T$.
Conclusion: $N \rightarrow F$.
Here P1 is False. For an argument to be invalid, we need All Premises True and Conclusion False. Since P1 is False here, this is not a counterexample.

Let's verify Row 3.
M=T, N=F, O=T.
P1: $T \lor F \rightarrow T$.
P2: $\sim T \cdot T \rightarrow F \cdot T \rightarrow F$.
Conclusion: $F$.
P2 is False. Not a counterexample.

Let's verify Row 4.
M=T, N=F, O=F.
P1: $T$.
P2: $F$.
Conclusion: $F$.
P2 is False. Not a counterexample.

Conclusion stands: The argument is Valid.

**Final check of the question text:**
""Construct a complete truth table... determine whether the argument is valid or invalid.""
""If the argument is invalid, choose an option which presents a counterexample.""
Since it is valid, I choose A.

Let's write down the truth table clearly in the thought process to ensure the final output is robust.

Columns: M, N, O, $M \lor N$, $\sim M$, $\sim M \cdot O$, $N$

1. T T T | T | F | F | T
2. T T F | T | F | F | T
3. T F T | T | F | F | F
4. T F F | T | F | F | F
5. F T T | T | T | T | T  <-- All Premises True, Conclusion True.
6. F T F | T | T | F | T
7. F F T | F | T | T | F  <-- P2 True, P1 False.
8. F F F | F | T | F | F

Critical Row(s): Only Row 5 has both premises True.
In Row 5, Conclusion is True.
Therefore, Valid.

Option A matches.

One more check. Did I interpret ""$\sim M \cdot O$"" correctly?
Usually ""$\cdot$"" denotes conjunction (AND). ""$\sim$"" denotes negation (NOT).
So ""Not M AND O"".
Yes, that is standard notation in logic textbooks (like Copi, Hurley, etc.).
Did I interpret ""$M \lor N$"" correctly?
Disjunction (OR). Inclusive OR usually.
Yes.
Did I interpret ""/ N"" correctly?
Therefore N.
Yes.

Is there any ambiguity?
What if ""$\cdot$"" meant something else? No, in propositional logic context, it's conjunction.
What if the order of operations is different? $\sim (M \cdot O)$?
Usually negation binds tighter than conjunction. So $\sim M \cdot O$ means $(\sim M) \cdot O$.
If it were $\sim (M \cdot O)$, the notation would usually include parentheses.
Standard convention: $\sim$ applies to the immediate atomic proposition or parenthesized group following it.
So $\sim M \cdot O$ is $(\sim M) \land O$.
If it were $\sim (M \cdot O)$, let's see.
P2: $\sim (M \cdot O)$.
Row 3: M=T, N=F, O=T.
P1: T.
P2: $\sim (T \cdot T) = F$.
Row 7: M=F, N=F, O=T.
P1: F.
Row 1: M=T, N=T, O=T.
P1: T.
P2: $\sim (T \cdot T) = F$.
Row 8: M=F, N=F, O=F.
P1: F.
P2: $\sim (F \cdot F) = T$.
If P2 was $\sim(M \cdot O)$, is there a counterexample?
We need P1=T, P2=T, Conc=F.
Conc=F means N=F.
Rows with N=F: 3, 4, 7, 8.
Check P1 ($M \lor N$) for these:
3 (T,F,T): P1=T. P2=$\sim(T \cdot T)=F$. No.
4 (T,F,F): P1=T. P2=$\sim(T \cdot F)=T$. **Counterexample?**
If P2 is $\sim(M \cdot O)$, then in Row 4 (M=T, N=F, O=F):
P1: $T \lor F = T$.
P2: $\sim (T \cdot F) = \sim F = T$.
Conclusion: $F$.
This would make it Invalid.
However, standard notation $\sim M \cdot O$ without parentheses means $(\sim M) \cdot O$. Negation has higher precedence than conjunction.
Given the options, specifically Option B ""M and O are true and N is false"" (Row 3).
In Row 3: M=T, O=T, N=F.
P1: $T \lor F = T$.
P2 (standard): $\sim T \cdot T = F$.
P2 (alternative): $\sim (T \cdot T) = F$.
Neither makes P2 true in Row 3. So Option B is not a counterexample under either interpretation.
Option C ""M is true and O and N are false"" (Row 4).
In Row 4: M=T, O=F, N=F.
P1: T.
P2 (standard): $\sim T \cdot F = F$.
P2 (alternative): $\sim (T \cdot F) = T$.
If the alternative interpretation held, Option C would be the counterexample.
Option D ""O is true and M and N are false"" (Row 7).
In Row 7: M=F, O=T, N=F.
P1: F.
P2 (standard): T.
P2 (alternative): T.
But P1 is False, so not a counterexample.

So, under standard interpretation, it's Valid (A).
Under non-standard interpretation ($\sim(M \cdot O)$), it's Invalid (C).
However, in logic problems of this type, standard precedence rules apply unless parentheses indicate otherwise. $\sim M \cdot O$ is universally treated as $(\sim M) \land O$.
Also, the structure looks like a Disjunctive Syllogism setup ($M \lor N$, $\sim M$, therefore $N$). The extra conjunct $O$ in the second premise ($\sim M \cdot O$) implies $\sim M$ is true (via Simplification).
So:
1. $M \lor N$
2. $\sim M \cdot O$
3. $\sim M$ (from 2, Simp)
4. $N$ (from 1, 3, DS)
This is a classic valid form.
It is highly probable that the intended answer is Valid.

I will proceed with the standard interpretation.

**Plan:**
1. Define the columns for the truth table.
2. Fill in the truth values for M, N, O.
3. Calculate values for premises and conclusion.
4. Identify rows where premises are all True.
5. Check conclusion in those rows.
6. Conclude Validity.
7. Select Option A.

**Truth Table Data:**
M N O | M v N | ~M | ~M . O | N
T T T | T | F | F | T
T T F | T | F | F | T
T F T | T | F | F | F
T F F | T | F | F | F
F T T | T | T | T | T
F T F | T | T | F | T
F F T | F | T | T | F
F F F | F | T | F | F

Premise 1: $M \lor N$
Premise 2: $\sim M \cdot O$
Conclusion: $N$

Rows where P1 and P2 are True:
Only Row 5 (F, T, T).
In Row 5, Conclusion N is True.
No row has True Premises and False Conclusion.
Argument is Valid.

Final check of options text.
A. Valid
B. Invalid. Counterexample when M and O are true and N is false (Row 3: P1=T, P2=F, C=F). Not a counterexample because P2 is False.
C. Invalid. Counterexample when M is true and O and N are false (Row 4: P1=T, P2=F, C=F). Not a counterexample because P2 is False.
D. Invalid. Counterexample when O is true and M and N are false (Row 7: P1=F, P2=T, C=F). Not a counterexample because P1 is False.

Everything aligns with Option A.

One detail: ""Construct a complete truth table"". I should display this in the output.
Then determine validity.
Then choose the option.

Structure of response:
1. Step-by-step thinking (already done).
2. Truth Table presentation.
3. Analysis of validity based on the table.
4. Selection of the correct option.
5. Final Answer notation.

Ready to write.
...done thinking.

To determine the validity of the argument, we first construct a complete truth table for the premises and the conclusion.

**Argument:**
*   Premise 1: $M \lor N$
*   Premise 2: $\sim M \cdot O$
*   Conclusion: $N$

**Step 1: Set up the Truth Table**
There are three atomic propositions ($M, N, O$), so there are $2^3 = 8$ rows. We list all possible combinations of Truth (T) and False (F). Then we calculate the truth values for the premises and the conclusion.

*   **$M \lor N$**: True if at least one of $M$ or $N$ is True.
*   **$\sim M$**: True if $M$ is False.
*   **$\sim M \cdot O$**: True if both $\sim M$ is True AND $O$ is True.
*   **$N$**: The truth value of $N$.

**Step 2: Construct the Table**

| Row | M | N | O | Premise 1: $M \lor N$ | $\sim M$ | Premise 2: $\sim M \cdot O$ | Conclusion: $N$ |
|:---:|:-:|:-:|:-:|:---------------------:|:--------:|:---------------------------:|:---------------:|
| 1 | T | T | T | T | F | F | T |
| 2 | T | T | F | T | F | F | T |
| 3 | T | F | T | T | F | F | F |
| 4 | T | F | F | T | F | F | F |
| 5 | F | T | T | T | T | **T** | **T** |
| 6 | F | T | F | T | T | F | T |
| 7 | F | F | T | F | T | T | F |
| 8 | F | F | F | F | T | F | F |

**Step 3: Analyze Validity**
An argument is **valid** if and only if there is no row where all premises are True and the conclusion is False.
An argument is **invalid** if there is at least one row where all premises are True and the conclusion is False (this row is the counterexample).

Let's inspect the rows where both premises are True:
*   **Premise 1 ($M \lor N$)** is True in rows 1, 2, 3, 4, 5, 6.
*   **Premise 2 ($\sim M \cdot O$)** is True in rows 5, 7.

The only row where **both** premises are True is **Row 5**.
*   In Row 5: $M$ is False, $N$ is True, $O$ is True.
*   Premise 1 is True.
*   Premise 2 is True.
*   Conclusion ($N$) is **True**.

Since the conclusion is True in the only row where the premises are both True, there is no counterexample. Therefore, the argument is valid.

**Step 4: Evaluate Options**
*   **A. Valid**: This matches our analysis.
*   **B. Invalid...**: Incorrect, the argument is valid. Also, in the scenario described (Row 3), Premise 2 is False.
*   **C. Invalid...**: Incorrect, the argument is valid. Also, in the scenario described (Row 4), Premise 2 is False.
*   **D. Invalid...**: Incorrect, the argument is valid. Also, in the scenario described (Row 7), Premise 1 is False.

FINAL ANSWER: A",13205,53.14
2026-02-18T11:23:56.800672,C0003,mmlu_conceptual_physics,qwen3.5:cloud,RLHF,"The impulse–momentum relationship is a direct result of Newton’s

Options:
A. first law
B. second law
C. third law
D. law of gravity

Please think through this problem step by step and provide your final answer with notation ""FINAL ANSWER: <your answer here>"".
Let's think step by step:","Thinking...
The user wants to identify which of Newton's laws leads to the impulse-momentum relationship.

1.  **Analyze the Impulse-Momentum Theorem:**
    *   Impulse ($J$) is defined as the integral of force ($F$) over time ($t$): $J = \int F \, dt$.
    *   Momentum ($p$) is defined as mass ($m$) times velocity ($v$): $p = mv$.
    *   The theorem states that Impulse equals the change in momentum: $J = \Delta p$.

2.  **Analyze Newton's Laws:**
    *   **Newton's First Law (Law of Inertia):** An object remains at rest or in uniform motion unless acted upon by a net external force. This is a special case of the second law where $F_{net} = 0$.
    *   **Newton's Second Law:** The net force acting on an object is equal to the rate of change of its momentum. Mathematically, $F_{net} = \frac{dp}{dt}$.
        *   If mass is constant, this becomes $F_{net} = m \frac{dv}{dt} = ma$.
    *   **Newton's Third Law (Action-Reaction):** For every action, there is an equal and opposite reaction. $F_{AB} = -F_{BA}$.
    *   **Law of Gravity:** Describes the attractive force between two masses. $F = G \frac{m_1 m_2}{r^2}$.

3.  **Connect Impulse-Momentum to Newton's Laws:**
    *   Start with Newton's Second Law in its original form: $F = \frac{dp}{dt}$.
    *   Rearrange the equation: $F \, dt = dp$.
    *   Integrate both sides with respect to time from $t_1$ to $t_2$:
        $\int_{t_1}^{t_2} F \, dt = \int_{p_1}^{p_2} dp$
    *   The left side is Impulse ($J$).
    *   The right side is the change in momentum ($\Delta p = p_2 - p_1$).
    *   Therefore, $J = \Delta p$.

4.  **Conclusion:**
    *   The derivation relies directly on the definition of force provided by Newton's Second Law ($F = \frac{dp}{dt}$).
    *   Therefore, the impulse-momentum relationship is a direct result of Newton's second law.

5.  **Check Options:**
    *   A. first law: Incorrect.
    *   B. second law: Correct.
    *   C. third law: Incorrect (leads to conservation of momentum in a system, but the impulse-momentum theorem for a single particle comes from the 2nd).
    *   D. law of gravity: Incorrect.

6.  **Formulate Final Output:**
    *   State Newton's Second Law in terms of momentum.
    *   Show the mathematical step connecting force and time to change in momentum.
    *   Select Option B.
    *   Format as requested.

Step-by-step derivation for the final response:
1.  Newton's Second Law states that the net force acting on an object is equal to the time rate of change of its linear momentum: $\vec{F}_{net} = \frac{d\vec{p}}{dt}$.
2.  Rearranging this equation gives $\vec{F}_{net} \, dt = d\vec{p}$.
3.  Integrating both sides over a time interval $\Delta t$ gives $\int \vec{F}_{net} \, dt = \Delta \vec{p}$.
4.  The term on the left ($\int \vec{F}_{net} \, dt$) is defined as Impulse.
5.  The term on the right ($\Delta \vec{p}$) is the change in momentum.
6.  Thus, Impulse = Change in Momentum.
7.  This relationship is derived directly from the Second Law.

Final Answer seems to be B.
...done thinking.

The impulse–momentum theorem states that the impulse applied to an object is equal to the change in its momentum. To find which of Newton's laws this is derived from, let's look at the mathematical formulation of the laws.

1.  **Newton's Second Law** states that the net force acting on an object is equal to the rate of change of its momentum with respect to time. Mathematically, this is written as:
    $$F = \frac{dp}{dt}$$
    where $F$ is the net force, $p$ is momentum, and $t$ is time.

2.  To find the relationship involving impulse, we can rearrange this equation:
    $$F \, dt = dp$$

3.  Integrating both sides over a specific time interval gives:
    $$\int F \, dt = \int dp$$
    $$\int F \, dt = \Delta p$$

4.  The term on the left side, $\int F \, dt$, is the definition of **Impulse**. The term on the right side, $\Delta p$, is the **change in momentum**.

Therefore, the equation $\text{Impulse} = \Delta p$ is a direct mathematical rearrangement and integration of Newton's Second Law.

FINAL ANSWER: B",4061,13.21
2026-02-18T11:24:52.587764,C0004,mmlu_anatomy,qwen3.5:cloud,RLHF,"In the brain stem, pathways for:

Options:
A. nociception decussate in the medial lemniscus
B. skilled movements decussate in the medial lemniscus
C. skilled motor movements decussate in the pyramids.
D. discriminative touch decussate in the pyramids.

Please think through this problem step by step and provide your final answer with notation ""FINAL ANSWER: <your answer here>"".
Let's think step by step:","Thinking...
The user wants me to identify the correct statement regarding the decussation of specific neural pathways in the brainstem.

1.  **Analyze the options:**
    *   **Option A:** ""nociception decussate in the medial lemniscus""
    *   **Option B:** ""skilled movements decussate in the medial lemniscus""
    *   **Option C:** ""skilled motor movements decussate in the pyramids.""
    *   **Option D:** ""discriminative touch decussate in the pyramids.""

2.  **Evaluate Option A:** Nociception (pain and temperature) is carried by the spinothalamic tract. The fibers of the spinothalamic tract decussate (cross over) in the spinal cord (specifically, the anterior white commissure) at the level of entry or one or two segments above, not in the medial lemniscus of the brainstem. The medial lemniscus carries dorsal column-medial lemniscus pathway information (fine touch, vibration, proprioception). So, A is incorrect.

3.  **Evaluate Option B:** Skilled movements are controlled by the corticospinal tract (specifically the lateral corticospinal tract). The medial lemniscus is a sensory pathway, not a motor pathway. Therefore, motor pathways do not decussate in the medial lemniscus. So, B is incorrect.

4.  **Evaluate Option C:** Skilled motor movements are primarily controlled by the corticospinal tract. The majority of these fibers (about 85-90%) travel through the medulla oblongata in structures called the pyramids. At the junction of the medulla and the spinal cord (pyramidal decussation), these fibers cross over to the contralateral side. This decussation allows the left side of the brain to control the right side of the body and vice versa. So, C seems correct.

5.  **Evaluate Option D:** Discriminative touch (fine touch, vibration, proprioception) is carried by the dorsal column-medial lemniscus pathway. The first-order neurons ascend in the dorsal columns (fasciculus gracilis and fasciculus cuneatus) of the spinal cord. They synapse in the medulla (nucleus gracilis and nucleus cuneatus). The second-order neurons then decussate as internal arcuate fibers and form the medial lemniscus. They do *not* decussate in the pyramids. The pyramids contain the corticospinal tracts (motor). So, D is incorrect.

6.  **Conclusion:** Option C is the only anatomically correct statement. The corticospinal tract, responsible for skilled voluntary motor movements, decussates at the pyramidal decussation in the lower medulla (within the pyramids).

7.  **Final Check:**
    *   Nociception -> Spinothalamic -> Decussates in spinal cord.
    *   Skilled movements -> Corticospinal -> Decussates in pyramids (medulla).
    *   Discriminative touch -> Dorsal Column/Medial Lemniscus -> Decussates in medulla (internal arcuate fibers/medial lemniscus formation), not pyramids.

    Therefore, Option C is the correct answer.

    Let's format the output as requested.
    Step-by-step reasoning followed by ""FINAL ANSWER: <option>"".
...done thinking.

Here is the step-by-step analysis of the options provided:

1.  **Option A: nociception decussate in the medial lemniscus.**
    *   Nociception (pain and temperature sensation) is primarily carried by the spinothalamic tract. The fibers of this tract decussate (cross over) in the **spinal cord** (at the anterior white commissure) shortly after entering, not in the brainstem's medial lemniscus. The medial lemniscus carries sensory information regarding fine touch, vibration, and proprioception. Therefore, this statement is incorrect.

2.  **Option B: skilled movements decussate in the medial lemniscus.**
    *   Skilled movements are controlled by motor pathways, specifically the corticospinal tract. The medial lemniscus is a **sensory** pathway. Motor pathways do not travel within or decussate inside the medial lemniscus. Therefore, this statement is incorrect.

3.  **Option C: skilled motor movements decussate in the pyramids.**
    *   Skilled voluntary motor movements are mediated by the corticospinal tract. These fibers descend from the cortex through the brainstem and converge in the medulla oblongata to form structures known as the **pyramids**. At the lower part of the medulla (the pyramidal decussation), the majority of these fibers cross over to the contralateral side before entering the spinal cord. This allows the left brain to control the right side of the body and vice versa. Therefore, this statement is correct.

4.  **Option D: discriminative touch decussate in the pyramids.**
    *   Discriminative touch (fine touch, vibration, proprioception) is carried by the dorsal column-medial lemniscus pathway. These fibers ascend in the dorsal columns of the spinal cord and synapse in the medulla. The second-order neurons then decussate as **internal arcuate fibers** to form the medial lemniscus. They do not decussate in the pyramids (which contain motor fibers). Therefore, this statement is incorrect.

FINAL ANSWER: C",4930,54.78
2026-02-18T11:27:02.992736,C0005,mmlu_formal_logic,qwen3.5:cloud,RLHF,"Construct a complete truth table for the following argument. Then, using the truth table, determine whether the argument is valid or invalid. If the argument is invalid, choose an option which presents a counterexample. (There may be other counterexamples as well.)
(O ≡ P) ∨ P / P ∨ ~O

Options:
A. Valid
B. Invalid. Counterexample when O and P are true
C. Invalid. Counterexample when O is true and P is false
D. Invalid. Counterexample when P is true and O is false

Please think through this problem step by step and provide your final answer with notation ""FINAL ANSWER: <your answer here>"".
Let's think step by step:","Thinking...
The user wants me to evaluate the validity of a logical argument using a truth table.

**Argument:**
Premise: $(O \equiv P) \lor P$
Conclusion: $P \lor \neg O$

**Steps:**
1.  **Identify the atomic propositions:** $O$ and $P$.
2.  **Set up the truth table columns:** $O$, $P$, $(O \equiv P)$, $(O \equiv P) \lor P$ (Premise), $\neg O$, $P \lor \neg O$ (Conclusion).
3.  **Fill in the truth values for $O$ and $P$:**
    *   Row 1: T, T
    *   Row 2: T, F
    *   Row 3: F, T
    *   Row 4: F, F
4.  **Calculate the truth values for the components:**
    *   **Row 1 (O=T, P=T):**
        *   $O \equiv P$: T $\equiv$ T is T.
        *   Premise $(O \equiv P) \lor P$: T $\lor$ T is T.
        *   $\neg O$: $\neg$T is F.
        *   Conclusion $P \lor \neg O$: T $\lor$ F is T.
        *   Result: Premise T, Conclusion T.
    *   **Row 2 (O=T, P=F):**
        *   $O \equiv P$: T $\equiv$ F is F.
        *   Premise $(O \equiv P) \lor P$: F $\lor$ F is F.
        *   $\neg O$: $\neg$T is F.
        *   Conclusion $P \lor \neg O$: F $\lor$ F is F.
        *   Result: Premise F, Conclusion F. (Does not affect validity).
    *   **Row 3 (O=F, P=T):**
        *   $O \equiv P$: F $\equiv$ T is F.
        *   Premise $(O \equiv P) \lor P$: F $\lor$ T is T.
        *   $\neg O$: $\neg$F is T.
        *   Conclusion $P \lor \neg O$: T $\lor$ T is T.
        *   Result: Premise T, Conclusion T.
    *   **Row 4 (O=F, P=F):**
        *   $O \equiv P$: F $\equiv$ F is T.
        *   Premise $(O \equiv P) \lor P$: T $\lor$ F is T.
        *   $\neg O$: $\neg$F is T.
        *   Conclusion $P \lor \neg O$: F $\lor$ T is T.
        *   Result: Premise T, Conclusion T.

5.  **Evaluate Validity:**
    *   An argument is **valid** if and only if there is no row where the premise(s) are True and the conclusion is False.
    *   Let's check the rows where the Premise is True:
        *   Row 1: Premise T, Conclusion T.
        *   Row 3: Premise T, Conclusion T.
        *   Row 4: Premise T, Conclusion T.
    *   In all cases where the premise is true, the conclusion is also true.
    *   Therefore, the argument is **Valid**.

6.  **Match with Options:**
    *   A. Valid
    *   B. Invalid. Counterexample when O and P are true (Row 1: Premise T, Conc T -> Not a counterexample)
    *   C. Invalid. Counterexample when O is true and P is false (Row 2: Premise F -> Not a counterexample)
    *   D. Invalid. Counterexample when P is true and O is false (Row 3: Premise T, Conc T -> Not a counterexample)

    Wait, let me double check my calculations.
    Argument: $(O \equiv P) \lor P \vdash P \lor \neg O$

    **Row 1: O=T, P=T**
    $O \equiv P$ is T.
    Premise: $T \lor T = T$.
    $\neg O$ is F.
    Conclusion: $T \lor F = T$.
    (Premise T, Conclusion T) -> OK.

    **Row 2: O=T, P=F**
    $O \equiv P$ is F.
    Premise: $F \lor F = F$.
    $\neg O$ is F.
    Conclusion: $F \lor F = F$.
    (Premise F) -> OK.

    **Row 3: O=F, P=T**
    $O \equiv P$ is F.
    Premise: $F \lor T = T$.
    $\neg O$ is T.
    Conclusion: $T \lor T = T$.
    (Premise T, Conclusion T) -> OK.

    **Row 4: O=F, P=F**
    $O \equiv P$ is T.
    Premise: $T \lor F = T$.
    $\neg O$ is T.
    Conclusion: $F \lor T = T$.
    (Premise T, Conclusion T) -> OK.

    Since there is no row where the Premise is True and the Conclusion is False, the argument is Valid.

    Let me re-read the options.
    A. Valid
    B. Invalid...
    C. Invalid...
    D. Invalid...

    My analysis points to A.

    Let me check if I misread the symbols.
    Premise: $(O \equiv P) \lor P$
    Conclusion: $P \lor \sim O$ (using ~ for negation)

    Is it possible the slash '/' denotes something else? Usually in logic problems like this, '/' separates premises from conclusion. So Premise / Conclusion.
    Premise: $(O \equiv P) \lor P$
    Conclusion: $P \lor \neg O$

    Let's check logical equivalence.
    Premise simplifies:
    $(O \equiv P) \lor P$
    $((O \land P) \lor (\neg O \land \neg P)) \lor P$
    $(O \land P) \lor (\neg O \land \neg P) \lor P$
    Since $(O \land P) \lor P$ simplifies to $P$ (Absorption Law: $A \lor (A \land B) \equiv A$),
    The expression becomes $P \lor (\neg O \land \neg P)$.
    Distribute: $(P \lor \neg O) \land (P \lor \neg P)$
    $(P \lor \neg O) \land T$
    $P \lor \neg O$

    So the Premise is logically equivalent to the Conclusion.
    If Premise $\equiv$ Conclusion, then whenever Premise is True, Conclusion is True.
    Thus, the argument is Valid.

    Let's re-verify the absorption step.
    Expression: $((O \land P) \lor (\neg O \land \neg P)) \lor P$
    Associativity: $(O \land P) \lor P \lor (\neg O \land \neg P)$
    Absorption on first two terms: $P \lor (\neg O \land \neg P)$
    Distribution: $(P \lor \neg O) \land (P \lor \neg P)$
    $(P \lor \neg O) \land T$
    $P \lor \neg O$
    Yes, the premise is logically equivalent to the conclusion.
    Therefore, the argument is definitely valid.

    Why would there be options for invalid? Standard multiple choice distractor.
    Let's check the counterexample options just in case I made a silly mistake.
    B. O=T, P=T. Premise=T, Conc=T. Not a counterexample.
    C. O=T, P=F. Premise=F, Conc=F. Not a counterexample (Premise must be T).
    D. O=F, P=T. Premise=T, Conc=T. Not a counterexample.

    Conclusion stands: Valid.

    **Structure of the response:**
    1.  Define the columns for the truth table.
    2.  Fill out the rows.
    3.  Identify rows where Premise is True.
    4.  Check Conclusion in those rows.
    5.  Conclude Validity.
    6.  Select Option A.

    **Truth Table Construction:**
    Columns: O, P, O ≡ P, (O ≡ P) ∨ P, ~O, P ∨ ~O

    Row 1: T, T | T | T | F | T
    Row 2: T, F | F | F | F | F
    Row 3: F, T | F | T | T | T
    Row 4: F, F | T | T | T | T

    Check for Invalidity: Look for a row where Premise is T and Conclusion is F.
    Row 1: Premise T, Conc T.
    Row 2: Premise F.
    Row 3: Premise T, Conc T.
    Row 4: Premise T, Conc T.

    No such row exists. Argument is Valid.

    Final check of the question text to ensure no misinterpretation.
    ""(O ≡ P) ∨ P / P ∨ ~O""
    Slash usually means ""therefore"".
    So Premise: (O ≡ P) ∨ P
    Conclusion: P ∨ ~O

    Everything seems consistent.

    The prompt asks to ""Construct a complete truth table"". I should write that out in the explanation.
    Then determine validity.
    Then choose the option.

    Option A is ""Valid"".
    Options B, C, D claim it is Invalid with specific truth value assignments. Since it is Valid, these are incorrect.

    Ready to write the solution.
...done thinking.

To determine the validity of the argument, we need to construct a truth table for the premise and the conclusion.

**Argument:**
*   **Premise:** $(O \equiv P) \lor P$
*   **Conclusion:** $P \lor \neg O$

**Step 1: Set up the Truth Table**
We have two atomic propositions, $O$ and $P$. This requires $2^2 = 4$ rows. We will calculate the truth values for the components of the premise and the conclusion.

| Row | O | P | $O \equiv P$ | **Premise:** $(O \equiv P) \lor P$ | $\neg O$ | **Conclusion:** $P \lor \neg O$ |
|:---:|:-:|:-:|:------------:|:----------------------------------:|:--------:|:-------------------------------:|
| 1 | T | T | T | **T** | F | **T** |
| 2 | T | F | F | **F** | F | **F** |
| 3 | F | T | F | **T** | T | **T** |
| 4 | F | F | T | **T** | T | **T** |

**Step 2: Analyze the Truth Table for Validity**
An argument is **valid** if and only if there is no row where the premise is **True** and the conclusion is **False**. Let's examine the rows where the Premise is True:

*   **Row 1:** Premise is **T**, Conclusion is **T**. (Consistent)
*   **Row 3:** Premise is **T**, Conclusion is **T**. (Consistent)
*   **Row 4:** Premise is **T**, Conclusion is **T**. (Consistent)

In Row 2, the Premise is False, so this row does not affect the validity of the argument.

Since there is no row where the Premise is True and the Conclusion is False, the argument is valid.

**Step 3: Evaluate the Options**
*   **A. Valid:** This matches our finding.
*   **B. Invalid. Counterexample when O and P are true:** In Row 1 (O=T, P=T), the Premise is True and the Conclusion is True. This is not a counterexample.
*   **C. Invalid. Counterexample when O is true and P is false:** In Row 2 (O=T, P=F), the Premise is False. A counterexample requires a True Premise.
*   **D. Invalid. Counterexample when P is true and O is false:** In Row 3 (O=F, P=T), the Premise is True and the Conclusion is True. This is not a counterexample.

Therefore, the correct option is A.

FINAL ANSWER: A",8638,129.4
